{
  "xgboost": {
    "accuracy": 0.9264822134387352,
    "precision": 0.9316596931659693,
    "recall": 0.9382022471910112,
    "f1": 0.9349195241427571,
    "roc_auc": 0.9784500274295467
  },
  "random_forest": {
    "accuracy": 0.9272727272727272,
    "precision": 0.9223433242506812,
    "recall": 0.9508426966292135,
    "f1": 0.9363762102351314,
    "roc_auc": 0.9771522035069183
  },
  "logistic_regression": {
    "accuracy": 0.7146245059288537,
    "precision": 0.7503566333808844,
    "recall": 0.7387640449438202,
    "f1": 0.7445152158527955,
    "roc_auc": 0.7954466952475772
  },
  "gradient_boosting": {
    "accuracy": 0.8798418972332016,
    "precision": 0.8703703703703703,
    "recall": 0.9241573033707865,
    "f1": 0.896457765667575,
    "roc_auc": 0.9545279070239958
  },
  "soft_voting_ensemble": {
    "accuracy": 0.916205533596838,
    "precision": 0.9116847826086957,
    "recall": 0.9424157303370787,
    "f1": 0.9267955801104972,
    "roc_auc": 0.9694363736107442
  },
  "soft_voting_ensemble_tuned": {
    "threshold": 0.5600000000000002,
    "accuracy": 0.9217391304347826,
    "precision": 0.9359886201991465,
    "recall": 0.9241573033707865,
    "f1": 0.930035335689046
  }
}