{
  "xgboost": {
    "accuracy": 0.9264822134387352,
    "precision": 0.9316596931659693,
    "recall": 0.9382022471910112,
    "f1": 0.9349195241427571,
    "roc_auc": 0.9784500274295467
  },
  "random_forest": {
    "accuracy": 0.9272727272727272,
    "precision": 0.9223433242506812,
    "recall": 0.9508426966292135,
    "f1": 0.9363762102351314,
    "roc_auc": 0.9771522035069183
  },
  "logistic_regression": {
    "accuracy": 0.7146245059288537,
    "precision": 0.7503566333808844,
    "recall": 0.7387640449438202,
    "f1": 0.7445152158527955,
    "roc_auc": 0.7954466952475772
  },
  "gradient_boosting": {
    "accuracy": 0.88300395256917,
    "precision": 0.8740053050397878,
    "recall": 0.925561797752809,
    "f1": 0.8990450204638472,
    "roc_auc": 0.954992685454213
  },
  "soft_voting_ensemble": {
    "accuracy": 0.9146245059288538,
    "precision": 0.9103260869565217,
    "recall": 0.9410112359550562,
    "f1": 0.925414364640884,
    "roc_auc": 0.969375419062519
  },
  "soft_voting_ensemble_tuned": {
    "threshold": 0.5400000000000001,
    "accuracy": 0.9209486166007905,
    "precision": 0.9285714285714286,
    "recall": 0.9311797752808989,
    "f1": 0.9298737727910238
  }
}